VAR1,Site,Fire,Source,year_surveyed,Lat,Long,aspect,subD16,subD50,subD84,D84B,surD16,surD50,surD84,subD50range,sub_var,sur_var,obs_vol,est_perc_loss,initial_vol_est,DF_size,vol_lpred_error,vol_upred_error,obs_vol_low,obs_vol_high,Gartner.2008,G14_volmin_2yr,G14_vol_2yr,G14_volmax_2yr,G14_volmin_100yr,G14_vol_100yr,G14_volmax_100yr,cat_area,relief,mean_cat_elev,himod_perc,himod_area,slope23_perc,avg_slope,sort_unsort,clast_matrix,strat,boulder_perc,GSD_Q,Vol_Q,dom_lith,Lith_type,X2yr_storm,X100yr_storm,Al2O3Ws,CaOWs,Fe2O3Ws,K2OWs,MgOWs,Na2OWs,NWs,P2O5Ws,SiO2Ws,PctAlluvCoastWs,PctEolFineWs,PctCarbResidWs,PctNonCarbResidWs,PctSilicicWs,CompStrgthWs,HydrlCondWs,AvgWetIndxWs,ClayWs,AgKffactWs,PermWs,RckdepWs,OmWs,SandWs,PctBl2011Ws,PctConif2011Ws,PctDecid2011Ws,PctGrs2011Ws,PctHay2011Ws,PctHbWet2011Ws,PctMxFst2011Ws,PctShrb2011Ws,Precip8110Ws,RunoffWs,Tmean8110Ws,WtDepWs,subD16_phi,order,ln_tmean,sqrt_tmean,ln_conif,sqrt_conif,ln_slope,sqrt_slope,ln_rckdep,sqrt_rckdep,ln_noncarb,sqrt_noncarb,ln_comp,sqrt_comp,ln_na2o,sqrt_na2o,ln_mx,sqrt_mx,ln_mgo,sqrt_mgo,ln_decid,sqrt_decid,ln_wtdep,sqrt_wtdep,ln_elev,sqrt_elev,ln_runoff,sqrt_runoff,ln_clay,sqrt_clay,ln_avgslope,sqrt_avgslope,pred,resid
1,Brianhead 1,"Brianhead, 2017",Primary Fieldwork,2020,37.747758,-112.788707,NA,1.81,12.71,33.94,1116,13.67,30.08,50.59,3.72,4.23,1.89,65,50,97.5,small,-25,35,73.125,131.625,NA,110.0143753,880.6066471,7048.788533,211.7002906,1694.548395,13563.95995,0.36,305,2631,54,0.19,15.5,14.91559982,unsorted,clast,not stratified,10,4,4,volcanic,igneous,5.09,15.48,12.23,9.8,4.82,2.63,2.53,2.74,0.03,0.16,55.38074664,0,0,0,28.13,71.87,70.24,0.03,310.24,34.97,0,1.21,147.05,0.76,22.76,1.09,56.23,1.82,0.18,0,0,39.61,1,756.61,30,4.62,182.88,0.855989697,1,1.530394705,2.149418526,4.029450422,7.498666548,2.740840024,3.937003937,4.990772665,12.12641744,3.336836623,5.303772243,4.251917949,8.380930736,1.00795792,1.655294536,3.679081612,6.293647591,0.928219303,1.590597372,0.598836501,1.349073756,5.2088302,13.5233132,7.875119281,51.29327441,3.401197382,5.477225575,3.554490551,5.913543777,2.702407633,3.86207196,0.077601646,0.778388051
2,Brianhead 2,"Brianhead, 2017",Primary Fieldwork,2020,37.741477,-112.793208,NA,1,12.4,54.62,527,11.58,30.29,51.53,6.82,5.77,2.15,500,25,625,small,-25,35,468.75,843.75,NA,805.8855835,6450.686101,51634.31638,1563.943249,12518.53512,100204.2252,2.98,744,2924,45,1.34,14,14.3039999,unsorted,matrix,not stratified,5,5,5,volcanic,igneous,5.33,16.07,11.88,10.54,4.7,2.57,2.57,2.63,0.04,0.16,54.27291063,0,0,0,13.77,86.23,70.42,0.03,317.89,31.03,0,2.51,145.97,0.64,28.55,4.62,52.72,6.22,1.87,0,0,31.22,3.27,859.86,30.21,3.35,182.88,0,2,1.208960346,1.830300522,3.96499489,7.260853944,2.63905733,3.741657387,4.983401121,12.0818045,2.622492313,3.710795063,4.254477314,8.391662529,0.966983846,1.621727474,3.441058915,5.587486018,0.943905899,1.603121954,1.827769907,2.493992783,5.2088302,13.5233132,7.980707821,54.07402334,3.408172995,5.496362434,3.434954479,5.570457791,2.660539211,3.782062916,-0.697652433,0.697652433
3,Brianhead 3,"Brianhead, 2017",Primary Fieldwork,2020,37.724362,-112.706177,NA,0.33,11.85,55.86,537.5,12.15,40.99,74.31,40.22,7.4,2.61,1500,20,1800,small,-25,35,1350,2430,NA,136.56922,1093.164076,8750.197865,261.7159524,2094.897205,16768.53956,0.62,276,2832,81,0.5,13,16.05979919,sorted,matrix,stratified,10,4,4,volcanic,igneous,4.92,15.1,14.86,3.73,5.62,3.17,2.03,3.6,0.03,0.18,64.69117819,0,0,0,0,100,72.66,0.04,349.5,35,0,1.2,147.06,0.76,22.57,0.04,43.61,19.17,0.19,0,0,31.5,4.98,690.55,38.65,3.77,182.88,-1.59946207,3,1.327075002,1.941648784,3.775286482,6.603786792,2.564949358,3.605551276,4.990840667,12.12682976,,0,4.285791027,8.524083529,1.280933846,1.897366596,3.449987546,5.61248608,0.708035793,1.424780685,2.953346557,4.378355856,5.2088302,13.5233132,7.948738455,53.21653878,3.654546775,6.216912417,3.555348062,5.916079783,2.776319205,4.007467928,-0.11664394,-1.482818131
5,Brianhead 4,"Brianhead, 2017",Primary Fieldwork,2020,37.758556,-112.794052,NA,1.68,21.61,58.63,820,19.3,31.65,53.75,5.05,5.13,1.48,380,40,532,small,-25,35,399,718.2,NA,174.9199256,1400.141107,11207.38597,330.7930047,2647.822323,21194.41148,2.1,473,2575,8,0.17,54,23.7432003,unsorted,matrix,not stratified,3,4,3,Limestone,sedimentary,4.63,14.33,9.45,15.46,3.85,2.16,3.04,1.84,0.04,0.14,46.56477243,0,0,0,45.32,54.68,71.26,0.03,300.02,32.94,0,1.88,146.5,0.7,25.67,4.26,62.2,3.78,1,0,0,25,3.59,776.01,30.11,4.23,182.88,0.748461233,4,1.442201993,2.05669638,4.130355,7.886697661,3.988984047,7.348469228,4.987025429,12.10371844,3.813748436,6.732013072,4.26633516,8.441563836,0.609765572,1.356465997,3.218875825,5,1.111857515,1.743559577,1.32972401,1.94422221,5.2088302,13.5233132,7.853604813,50.74445783,3.404857343,5.487257967,3.494687725,5.739337941,3.167296186,4.872699488,-0.978519405,1.726980638
6,Clay Springs 1,"Clay Springs Fire, 2012",Primary Fieldwork,2020,39.356533,-112.164818,NA,1.08,10.51,40.23,380,11.43,40.23,72.48,1.4,5.22,2.66,1050,45,1522.5,small,-25,35,1141.875,2055.375,NA,973.2651022,7790.470256,62358.57699,1666.823238,13342.0348,106795.9028,4.01,901,2269,36,1.44,65,26.46249962,unsorted,clast,not stratified,5,4,3,Limestone,sedimentary,3.28,10.18,10.56,4.92,8.33,2.15,2.41,1.05,0.17,0.14,54.65961504,64.51,0,12.08,23.41,0,30,3.77,431.81,20.43,0,6.93,123.86,0.93,37.31,0.39,33.24,2.27,13.81,0.42,0,0.01,49.59,404.38,29,8.96,182.88,0.111031312,5,2.192770227,2.993325909,3.50375397,5.765414122,4.17438727,8.062257748,4.819151896,11.12924077,3.153163282,4.838388161,3.401197382,5.477225575,0.048790164,1.024695077,-4.605170186,0.1,0.879626748,1.55241747,0.819779832,1.506651917,5.2088302,13.5233132,7.727094485,47.63402146,3.36729583,5.385164807,3.017004409,4.519955752,3.275728622,5.144171422,1.221609634,-1.110578322
7,Clay Springs 2,"Clay Springs Fire, 2012",Primary Fieldwork,2020,39.33334,-112.150673,NA,13.15,32.95,58.78,NA,16.96,26.36,43.17,NA,2.16,1.35,170,10,187,small,-25,35,140.25,252.45,NA,548.3474409,4389.230045,35133.45545,937.9456133,7507.756505,60095.60356,2.07,1029,2154,7,0.14,56,22.48500061,unsorted,clast,not stratified,3,3,2,Limestone,sedimentary,3.15,9.93,10.56,4.92,8.33,2.15,2.41,1.05,0.17,0.14,54.65961504,64.51,0,12.08,23.41,0,30,3.77,431.81,20.43,0,6.93,123.86,0.93,37.31,0.39,33.24,2.27,13.81,0.42,0,0.01,49.59,404.38,29,8.96,182.88,3.716990894,6,2.192770227,2.993325909,3.50375397,5.765414122,4.025351691,7.483314774,4.819151896,11.12924077,3.153163282,4.838388161,3.401197382,5.477225575,0.048790164,1.024695077,-4.605170186,0.1,0.879626748,1.55241747,0.819779832,1.506651917,5.2088302,13.5233132,7.675081858,46.41120554,3.36729583,5.385164807,3.017004409,4.519955752,3.112848447,4.741835152,1.480957958,2.236032937
8,Dairy Fork 1,"Coal Hollow Fire, 2018",Primary Fieldwork,2020,39.950798,-111.349319,NA,2.62,13.97,57.36,540,6.63,20.95,38.26,3.37,4.45,2.53,120,45,174,small,-25,35,130.5,234.9,NA,444.4756672,3557.791661,28478.23276,782.8707064,6266.464233,50159.71816,2.12,583,2141,63,1.34,5,12.11830044,sorted,matrix,not stratified,5,3,3,mudstone,sedimentary,3.35,10.77,6.91,17.1,2.57,1.54,3.12,0.93,0.12,0.18,41.36916538,0,0,0,100,0,76.74,0.02,338.03,22.87,0,4.7,108.43,0.56,38.65,0,15.68,61.01,0,0,0,0,23.31,572.16,248,6.99,182.88,1.389566812,7,1.944480556,2.643860813,2.752386015,3.959797975,1.609437912,2.236067978,4.686104804,10.41297268,4.605170186,10,4.340423085,8.760136985,-0.072570693,0.964365076,,0,1.137833002,1.766352173,4.111037785,7.810889834,5.2088302,13.5233132,7.669028289,46.27094121,5.513428746,15.74801575,3.129826008,4.782258881,2.494716743,3.481134936,1.562187761,-0.17262095
9,Dairy Fork 2,"Coal Hollow Fire, 2018",Primary Fieldwork,2020,39.953975,-111.347712,NA,0.9,4.78,13.58,490,2,8.25,19.3,NA,3.92,3.27,25,45,36.25,small,-25,35,27.1875,48.9375,NA,131.1350739,1049.666622,8402.023849,230.6413696,1846.161673,14777.54372,1.01,309,1993,48,0.48,3,13.21969986,unsorted,matrix,not stratified,2,4,2,mudstone,sedimentary,3.33,10.71,6.57,18.32,2.5,1.54,3.59,0.9,0.11,0.18,39.28827163,0,0,0,100,0,77.29,0.03,296.74,22.23,0,4.73,108.81,0.67,38.79,0.03,43.59,34.9,0,0,0,0.21,21.21,565.32,248,6.84,182.88,-0.152003093,8,1.922787732,2.615339366,3.774827766,6.602272336,1.098612289,1.732050808,4.689603242,10.43120319,4.605170186,10,4.347564581,8.791473142,-0.105360516,0.948683298,-1.560647748,0.45825757,1.278152203,1.894729532,3.552486829,5.907622195,5.2088302,13.5233132,7.59739632,44.64302857,5.513428746,15.74801575,3.101442728,4.714870094,2.581708131,3.635890518,0.442950508,-0.594953602
10,Dollar Ridge 1,"Dollar Ridge Fire, 2018",Primary Fieldwork,2020,40.120918,-110.744614,NA,0.53,6.88,56.88,860,19.21,32.26,55.9,0.43,6.75,1.54,1060,25,1325,small,-25,35,993.75,1788.75,NA,30.44355083,243.6844563,1950.564655,52.04251141,416.5726648,3334.442946,0.15,225,2054,17,0.03,26,18.41080093,sorted,matrix,not stratified,10,4,3,sandstone,sedimentary,2.75,9.2,6.8,18.6,2.63,1.53,3.51,1.02,0.11,0.19,39.05255312,0.02,0,0,99.98,0,79.03,0.02,262.52,20.38,0,6.06,101.72,1.31,36.53,9.2,46.11,5.33,0.06,0.11,0,1.24,37.45,519.64,57.78,5.03,181.97,-0.915935735,9,1.615419984,2.242766149,3.831029846,6.790434449,3.258096538,5.099019514,4.622223941,10.08563335,4.604970166,9.99899995,4.369827527,8.889881889,0.019802627,1.009950494,0.21511138,1.113552873,1.255616038,1.8734994,1.673351238,2.308679276,5.203841838,13.48962564,7.627544391,45.32107677,4.056642695,7.601315676,3.014554028,4.514421336,2.9129375,4.290780923,-1.091550672,0.175614937
11,Dollar Ridge 2,"Dollar Ridge Fire, 2018",Primary Fieldwork,2020,40.114964,-110.812256,NA,0.03,6.22,47.6,820,2,20.57,65.33,12.05,10.63,5.03,5600,25,7000,small,-25,35,5250,9450,NA,5614.71204,44942.78799,359743.1494,9598.773832,76833.08675,615008.0545,117.07,1239,2576,23,26.93,46,22.56940079,sorted,matrix,not stratified,5,4,3,sandstone,sedimentary,3.52,10.57,8.17,12.05,3.32,1.75,3.28,1.06,0.07,0.17,49.36575646,0,0,0,100,0,74.23,0.03,248.35,23.29,0,4.44,104.02,1.22,32.62,7.31,51.71,11.87,0.1,0,0,2.91,24.85,572.57,57.9,4.78,182.56,-5.058893689,10,1.564440547,2.186321111,3.945651186,7.190966555,3.828641397,6.782329983,4.644583188,10.19901956,4.605170186,10,4.307168381,8.615683374,0.058268908,1.029563014,1.068153081,1.705872211,1.187843422,1.811077028,2.474014209,3.445286635,5.207078886,13.5114766,7.853993087,50.75431016,4.058717385,7.609204952,3.148024084,4.825971405,3.116595042,4.750726343,-1.62832593,-3.430567759
12,Dollar Ridge 3,"Dollar Ridge Fire, 2018",Primary Fieldwork,2020,40.118462,-110.829193,NA,2.41,5.17,7.93,370,2,24.69,54.98,NA,1.72,4.78,60,45,87,small,-25,35,65.25,117.45,NA,#NUM!,#NUM!,#NUM!,#NUM!,#NUM!,#NUM!,0.07,279,2028,0,0,0,26.57410049,unsorted,matrix,not stratified,3,3,2,sandstone,sedimentary,3.52,10,9.47,6.2,4.16,1.96,3.02,1.1,0.05,0.16,58.28841377,1.97,0,0,85.04,0,67.93,0.21,424.18,23.72,0,5.33,115.31,1.16,33.64,0.6,19.49,37.16,0.14,0.01,0.03,1.21,31.09,643.03,59.3,4.41,179.13,1.269033147,11,1.48387469,2.1,2.969901514,4.414748011,,0,4.747624154,10.73824939,4.443121734,9.221713507,4.218477763,8.241965785,0.09531018,1.048808848,0.19062036,1.1,1.105256831,1.73781472,3.615232914,6.095900262,5.188111799,13.38394561,7.614805365,45.033321,4.082609306,7.700649323,3.166318574,4.870318265,3.279937076,5.155007322,-0.578139008,1.847172155
13,Dollar Ridge 4,"Dollar Ridge Fire, 2018",Primary Fieldwork,2020,40.12064,-110.790771,NA,2.7,7.5,46.98,628,10.33,19.3,36.28,6.92,4.12,1.81,650,60,1040,small,-25,35,780,1404,NA,157.3765065,1259.715354,10083.35239,250.9352514,2008.603419,16077.80363,0.52,464,2137,35,0.18,70,24.20999908,sorted,matrix,not stratified,10,4,3,sandstone,sedimentary,3.52,9.44,9.25,7.17,4.02,1.92,3.06,1.09,0.05,0.16,56.80742655,1.65,0,0,87.49,0,68.94,0.19,395.36,23.6,0,5.2,113.32,1.17,33.53,1.66,25.02,32.88,0.13,0.01,0.02,1.46,30.01,629.54,59.07,4.49,179.72,1.432959407,12,1.501852702,2.11896201,3.219675505,5.0019996,4.248495242,8.366600265,4.730215675,10.64518671,4.471524501,9.353608929,4.233236561,8.303011502,0.086177696,1.044030651,0.378436436,1.208304597,1.118414916,1.749285569,3.49286457,5.734108475,5.191400084,13.40596882,7.667158255,46.22769733,4.078723181,7.685701009,3.161246712,4.857983121,3.186765733,4.920365747,-0.639159634,2.072119042
14,Dollar Ridge 5,"Dollar Ridge Fire, 2018",Primary Fieldwork,2020,40.121447,-110.834881,NA,3.43,20.56,60.11,720,10.58,29.09,61.65,42.34,4.13,2.54,3000,20,3600,small,-25,35,2700,4860,NA,253.862822,2032.037067,16265.37754,435.1947662,3483.502978,27883.5913,2.77,607,2295,10,0.28,41,24.21559906,sorted,matrix,not stratified,5,4,4,sandstone,sedimentary,2.83,9.39,9.47,6.21,4.16,1.96,3.02,1.1,0.05,0.16,58.27125284,1.99,0,0,84.9,0,67.91,0.22,425.92,23.75,0,5.33,115.44,1.15,33.62,0.57,18.94,37.45,0.14,0.01,0.03,1.22,31.27,644.79,59.31,4.39,179.1,1.778208576,13,1.479329227,2.095232684,2.941276088,4.352011029,3.713572067,6.403124237,4.748750915,10.74430082,4.441474093,9.2141196,4.218183299,8.240752393,0.09531018,1.048808848,0.198850859,1.104536102,1.105256831,1.73781472,3.62300671,6.119640512,5.187944309,13.38282481,7.738488123,47.90615827,4.082777926,7.701298592,3.167582531,4.873397172,3.186997015,4.920934775,-0.413022389,2.191230965
15,Lake Fork 1,"Pole Creek Fire, 2018",Primary Fieldwork,2020,39.962445,-111.458642,NA,6.3,23.09,58.11,1310,2,21.34,52.27,23.54,3.21,4.71,11000,25,13750,medium,-28,30,9900,17875,NA,1753.876563,14038.85043,112373.5418,3075.094964,24614.50204,197026.0165,9.06,916,2120,75,6.8,58,21.99250031,sorted,matrix,not stratified,20,4,4,sandstone,sedimentary,3.27,10.55,4.69,19.87,2.32,1.41,5.83,0.34,0.05,0.11,36.00748314,0,0,0,100,0,76.57,0.21,244.16,34.03,0,1.76,145.16,1.07,23.47,0,38.97,55.89,0,0,0,0.27,4.87,575,248,7.38,182.88,2.655351829,14,1.998773639,2.716615541,3.662792119,6.242595614,4.060443011,7.615773106,4.977836582,12.04823639,4.605170186,10,4.338205355,8.750428561,-1.078809661,0.58309519,-1.30933332,0.519615242,1.763017,2.414539294,4.023385473,7.475961477,5.2088302,13.5233132,7.659171368,46.04345773,5.513428746,15.74801575,3.527242489,5.833523806,3.0907015,4.689616222,1.487192373,1.168159456
16,Lake Fork 2,"Pole Creek Fire, 2018",Primary Fieldwork,2020,39.966936,-111.456697,NA,3.4,16,58.48,620,12.58,33.71,68,25.06,4.1,2.43,830,40,1162,small,-25,35,871.5,1568.7,NA,100.8758689,807.4577565,6463.270511,176.7178271,1414.532354,11322.58026,0.26,373,1861,50,0.13,46,20.71120071,unsorted,matrix,not stratified,3,3,2,sandstone,sedimentary,3.2,10.41,5.93,15.9,2.78,1.63,5.05,0.51,0.06,0.12,42.17464891,1.62,0,0,95.76,2.62,72.05,0.3,249.06,30.96,0,2.26,142.02,1.42,26.17,0.06,43.27,49.68,0,0.05,0,0.52,6.1,612.78,246.52,6.4,182.88,1.765534746,15,1.85629799,2.529822128,3.767459554,6.577993615,3.828641397,6.782329983,4.955967893,11.91721444,4.561845061,9.785703858,4.277360322,8.488227141,-0.673344553,0.714142843,-0.653926467,0.721110255,1.619388243,2.247220505,3.905602438,7.048404075,5.2088302,13.5233132,7.528869257,43.13930922,5.507443126,15.70095539,3.432696049,5.564171097,3.030674651,4.550956022,0.909185039,0.856349707
17,POCR Blind Canyon 1,"Pole Creek Fire, 2018",Primary Fieldwork,2020,39.941927,-111.523092,NA,1.44,13.05,33.05,724,9.74,18.2,30.31,9.82,4.52,1.64,520,60,832,small,-25,35,624,1123.2,NA,85.48833074,684.2886859,5477.367515,148.9647865,1192.384003,9544.400685,0.52,319,1874,27,0.14,40,24.81489944,unsorted,matrix,not stratified,3,3,NA,dacite,igneous,3.16,10.25,5,21.15,2.37,1.46,5.58,0.55,0.05,0.11,34.67663335,1.12,0,0,91.02,7.87,79.49,0.18,257.71,34.02,0,1.76,145.22,1.07,23.45,0.02,36.99,49.27,0,0,0,1.16,12.35,586.85,248,6.97,182.88,0.526068812,16,1.941615225,2.640075757,3.610647606,6.08194048,3.688879454,6.32455532,4.978249834,12.05072612,4.511079263,9.540440241,4.375631228,8.91571646,-0.597837001,0.741619849,0.148420005,1.077032961,1.719188776,2.362202362,3.897315377,7.01925922,5.2088302,13.5233132,7.535830463,43.28972164,5.513428746,15.74801575,3.526948587,5.832666629,3.211444257,4.981455554,1.215336936,-0.689268124
18,POCR Cox Canyon,"Pole Creek Fire, 2018",Primary Fieldwork,2020,39.892185,-111.536011,NA,0.047,17.01,40.3,505,9.2,25.31,45.3,14.1,9.74,2.3,2600,5,2730,small,-25,35,2047.5,3685.5,NA,427.8025739,3424.332404,27409.96228,749.7139723,6001.062186,48035.31572,3.24,579,2115,39,1.26,65,21.78660011,sorted,matrix,not stratified,35,3,4,sandstone,sedimentary,3.28,10.56,6.09,18.95,2.94,1.67,5.03,0.84,0.05,0.11,38.11168222,6.79,0,0,81.86,11.35,77.33,0.38,250.31,33.63,0,1.99,145.49,1.08,23.73,0,52.73,7.35,0,0.02,0,0.11,38.92,507.58,248,7.27,182.88,-4.411195433,17,1.983756292,2.696293753,3.965184554,7.261542536,4.17438727,8.062257748,4.980107356,12.06192356,4.405010471,9.047651629,4.348081979,8.793747779,-0.174353387,0.916515139,-2.207274913,0.331662479,1.615419984,2.242766149,1.994700313,2.711088342,5.2088302,13.5233132,7.656810092,45.98912915,5.513428746,15.74801575,3.515418526,5.799137867,3.081295107,4.667611821,0.976922822,-5.388118255
19,POCR Thistle Creek,"Pole Creek Fire, 2018",Primary Fieldwork,2020,39.953434,-111.529686,NA,2.97,17.47,49.11,490,18.2,39.7,81.67,14.66,4.05,2.17,230,5,241.5,small,-25,35,181.125,326.025,NA,37.24853428,298.1547347,2386.570306,64.91466924,519.6074521,4159.181698,0.28,255,1744,10,0.03,40,28.37339973,sorted,matrix,not stratified,10,4,5,dacite,igneous,3.12,10.18,8.68,11.78,4.72,2.08,3.22,1.34,0.09,0.14,49.19098448,16.81,0,0,60.87,22.32,69.42,4.12,307.32,28.56,0.01,3.34,137.35,1.28,26.97,0.09,27.28,38.55,0,2.35,0,0.32,30.16,556.44,246.1,6.61,182.88,1.570462931,18,1.888583654,2.570992026,3.306153833,5.223025943,3.688879454,6.32455532,4.922532413,11.71964163,4.108740443,7.80192284,4.24017501,8.331866538,0.292669614,1.15758369,-1.139434283,0.565685425,1.16938136,1.794435845,3.6519561,6.208864631,5.2088302,13.5233132,7.463936605,41.76122604,5.505737957,15.6875747,3.352007138,5.344155686,3.345452077,5.326668727,0.9139843,0.656478631
20,Seeley 1,"Seeley Fire, 2012",Primary Fieldwork,2020,39.541237,-111.161819,NA,0.05,32,93,855,26.36,62,119.43,0,10.86,2.18,490,35,661.5,small,-25,35,496.125,893.025,NA,169.4400006,1356.277218,10856.27883,295.8906087,2368.447179,18958.16182,0.39,520,2721,36,0.14,81,21.20680046,unsorted,matrix,not stratified,10,4,3,sandstone,sedimentary,3.55,10.98,4.23,15.83,3.04,1.33,6.09,0.24,0.12,0.12,38.76013599,0,0,0,100,0,58.61,0.12,297.03,24.65,0,4.2,110.26,1.22,30.12,0.15,44.81,36.09,0.32,0,0,3.82,12.24,689.59,24.68,3.01,182.38,-4.321928095,19,1.101940079,1.734935157,3.802431329,6.694027189,4.394449155,9,4.702841213,10.50047618,4.605170186,10,4.070905331,7.655716818,-1.427116356,0.489897949,1.340250423,1.954482029,1.806648082,2.467792536,3.586015819,6.007495318,5.206092423,13.50481396,7.908754739,52.16320542,3.205993199,4.967896939,3.204776901,4.964876635,3.054321907,4.605084197,-2.380861077,-1.941067017
21,Shingle 1,"Shingle Fire, 2012",Primary Fieldwork,2020,37.43088175,-112.6007859,NA,1.02,14.21,43.29,570,11.82,26.4,50.61,1.06,5.41,2.1,930,10,1023,small,-25,35,767.25,1381.05,NA,92.9027319,743.6370296,5952.419487,174.1280266,1393.802376,11156.64779,0.47,290,2326,44,0.21,42,17.44420052,unsorted,matrix,not stratified,10,4,4,Limestone,sedimentary,3.65,12.4,5.16,23.87,2.53,1.43,3.9,0.42,0.05,0.11,32.93591321,0.2,0,0,99.8,0,70.79,0.16,252.67,27.44,0,3.54,88.75,0.97,27.54,3.55,91.99,2.93,0,0,0,0.18,1.27,507.73,38.01,6.25,182.88,0.028569152,20,1.832581464,2.5,4.521679876,9.591141746,3.737669618,6.480740698,4.485823428,9.420721841,4.603168183,9.989994995,4.259717748,8.413679338,-0.867500568,0.64807407,-1.714798428,0.424264069,1.360976553,1.974841766,1.075002423,1.711724277,5.2088302,13.5233132,7.751905333,48.22862221,3.637849283,6.165225057,3.312001803,5.238320342,2.859007245,4.176625494,-2.50193422,2.530503372
22,Tie Fork 1,"Tank Hollow Fire, 2017",Primary Fieldwork,2020,39.982624,-111.212959,NA,0.76,5.21,19.23,800,7.62,17.74,37.65,1.2,4.66,2.3,600,10,660,small,-25,35,495,891,NA,173.8804215,1391.820429,11140.78336,306.5510659,2453.778478,19641.19355,1.35,442,2224,23,0.31,53,22.69799995,unsorted,matrix,not stratified,5,4,3,shale,sedimentary,3.28,10.66,7.13,17.74,3.15,1.59,3.37,1.04,0.11,0.19,39.85138772,2.2,0,0,97.8,0,74.37,0.36,233.67,21.63,0,4.96,103.34,0.55,39.45,0.48,49.55,37.75,0,0,0,0.09,12.13,535.9,244.67,5.63,182.88,-0.395928676,21,1.728109442,2.372762104,3.902982261,7.039176088,3.970291914,7.280109889,4.638024523,10.16562836,4.582924577,9.889388252,4.309052635,8.623804265,0.039220713,1.019803903,-2.407945609,0.3,1.214912744,1.835755975,3.630985476,6.144102864,5.2088302,13.5233132,7.707062655,47.15930449,5.499910364,15.64193083,3.07408124,4.650806382,3.122276813,4.764241802,-1.122183884,0.726255208
23,Tie Fork 2,"Tank Hollow Fire, 2017",Primary Fieldwork,2020,39.998112,-111.215523,NA,1.67,11.36,46.41,884,7.77,26.13,50.66,5.72,4.8,2.7,2200,15,2530,small,-25,35,1897.5,3415.5,NA,80.8419567,647.0969293,5179.667256,142.5244256,1140.832335,9131.756958,0.26,339,2256,36,0.09,47,27.48920059,unsorted,matrix,not stratified,10,4,4,shale,sedimentary,3.33,10.75,7.19,17.55,3.22,1.59,3.35,1.04,0.12,0.19,40.09374353,5.27,0,0,94.73,0,73.73,0.4,237.14,21.53,0,5,103.28,0.53,39.78,0.21,41.85,48.92,0,0,0,0.06,8.97,556.23,246.53,5.6,182.88,0.739848103,22,1.722766598,2.366431913,3.734091797,6.469157596,3.850147602,6.8556546,4.637443747,10.16267681,4.55103074,9.732933782,4.300409772,8.586617495,0.039220713,1.019803903,-2.813410717,0.244948974,1.208960346,1.830300522,3.890186311,6.99428338,5.2088302,13.5233132,7.721348613,47.49736835,5.50748369,15.70127383,3.069447311,4.640043103,3.313793222,5.243014456,-1.175952556,1.915800658
24,Trailmountain 1,"Trail Mountain, 2017",Primary Fieldwork,2020,39.424023,-111.156711,NA,0.02,4.27,47.35,790,2,4.3,50.2,8.9,11.21,4.65,1700,40,2380,small,-25,35,1785,3213,NA,199.6889158,1598.403719,12794.37288,346.1198819,2770.505835,22176.42783,1.32,569,2678,12,0.16,76,33.61119843,unsorted,matrix,stratified,10,4,3,sandstone,sedimentary,3.4,10.59,4.7,15.54,2.92,1.43,5.81,0.3,0.1,0.13,40.16686016,0,0,0,100,0,61.28,0.11,235.61,21.41,0,7.81,118.6,1.09,33.22,0.12,66.64,22.51,0,0,0,9.13,1.59,684.75,24,4.05,182.88,-5.64385619,23,1.398716881,2.01246118,4.199304998,8.163332653,4.33073334,8.717797887,4.775756487,10.89036271,4.605170186,10,4.115453525,7.828154316,-1.203972804,0.547722558,2.211565695,3.021588986,1.759580571,2.410394159,3.113959655,4.744470466,5.2088302,13.5233132,7.892825526,51.74939613,3.17805383,4.898979486,3.063858103,4.627094121,3.514859298,5.797516574,-2.852773279,-2.791082911
25,Trailmountain 2,"Trail Mountain, 2017",Primary Fieldwork,2020,39.423344,-111.140594,NA,0.016,0.76,29.24,955,2,14.24,45,4.42,10.84,4.49,180,40,252,small,-25,35,189,340.2,NA,#NUM!,#NUM!,#NUM!,#NUM!,#NUM!,#NUM!,0.1,469,2506,0,0,95,31.01519966,unsorted,matrix,stratified,15,4,3,sandstone,sedimentary,3.26,10.28,4.7,15.54,2.92,1.43,5.81,0.3,0.1,0.13,40.16686016,0,0,0,100,0,61.28,0.11,235.61,21.41,0,7.81,118.6,1.09,33.22,0.12,66.64,22.51,0,0,0,9.13,1.59,684.75,24,4.05,182.88,-5.965784285,24,1.398716881,2.01246118,4.199304998,8.163332653,4.553876892,9.746794345,4.775756487,10.89036271,4.605170186,10,4.115453525,7.828154316,-1.203972804,0.547722558,2.211565695,3.021588986,1.759580571,2.410394159,3.113959655,4.744470466,5.2088302,13.5233132,7.826443136,50.05996404,3.17805383,4.898979486,3.063858103,4.627094121,3.434477396,5.569129165,-2.683504115,-3.282280169
26,Trailmountain 3,"Trail Mountain, 2017",Primary Fieldwork,2020,39.404434,-111.137222,NA,0.64,13.68,52.17,1520,2,18.44,37.44,0.35,6.35,4.23,1370,15,1575.5,small,-25,35,1181.625,2126.925,NA,234.1406675,1874.171694,15001.74907,404.0137069,3233.915158,25885.77335,0.54,586,2560,42,0.23,83,28.17790031,unsorted,matrix,not stratified,10,4,4,sandstone,sedimentary,3.25,10.25,4.91,15.81,2.83,1.48,5.72,0.32,0.09,0.13,40.33012336,0,0,0,100,0,63.35,0.11,240.92,24.96,0,7.17,118.5,1.02,31.61,0.21,78.92,9.96,0.22,0,0,5.38,5.24,715.32,24,3.99,178.86,-0.64385619,25,1.383791231,1.997498436,4.368434681,8.883692926,4.418840608,9.110433579,4.774912961,10.88577053,4.605170186,10,4.148674907,7.959271323,-1.139434283,0.565685425,1.682688374,2.319482701,1.743968805,2.391652149,2.298577072,3.155946768,5.186603377,13.37385509,7.847762538,50.59644256,3.17805383,4.898979486,3.217274544,4.995998399,3.338537994,5.308286005,-2.983580136,2.339723946
27,Trailmountain 4,"Trail Mountain, 2017",Primary Fieldwork,2020,39.461922,-111.180023,NA,0.021,0.79,20.4,530,2,2,39.98,1.69,9.92,4.32,210,30,273,small,-25,35,204.75,368.55,NA,155.9197145,1248.054508,9990.013509,270.9629368,2168.914404,17361.00793,0.28,501,2782,47,0.13,81,22.27659988,unsorted,matrix,not stratified,2,5,2,sandstone,sedimentary,3.5,10.81,4.79,15.46,2.91,1.46,5.81,0.3,0.1,0.13,40.37873167,0,0,0,100,0,61.58,0.11,237.33,22.74,0,7.13,119.51,1.17,31.47,0.15,45.15,39.36,0.12,0,0,6.3,8.92,751.46,24,3.56,182.16,-5.573466862,26,1.269760545,1.886796226,3.80999028,6.719374971,4.394449155,9,4.78340005,10.93206293,4.605170186,10,4.120337143,7.847292527,-1.203972804,0.547722558,1.840549633,2.50998008,1.759580571,2.410394159,3.672750072,6.273754857,5.204885422,13.49666626,7.930925373,52.74466798,3.17805383,4.898979486,3.124125488,4.768647607,3.103536795,4.719809306,-1.675972713,-3.897494149
28,West Valley 1,"West Valley, 2018",Primary Fieldwork,2020,37.450813,-113.437439,NA,0.038,2.22,6.69,413,2,4.85,14.12,0.24,7.46,2.82,50,5,52.5,small,-25,35,39.375,70.875,NA,124.8027162,998.9794624,7996.300052,229.7934307,1839.374373,14723.21499,0.34,326,2371,67,0.23,49,18.79859924,unsorted,matrix,not stratified,3,5,3,volcanic,igneous,5,14.45,14.65,2.85,4.9,3.58,1.37,3.54,0.03,0.15,66.55330899,1.05,0,0,0,98.95,86.68,0.15,253.86,20.9,0,6.12,58.9,0.55,47.65,0.04,89.82,0.84,0,0.12,0.02,7.59,1.4,679.79,38,6.32,182.88,-4.717856771,27,1.843719208,2.513961018,4.497807668,9.477341399,3.891820298,7,4.075841091,7.674633542,,0,4.462223177,9.31020945,1.264126727,1.881488772,2.026831591,2.754995463,0.31481074,1.170469991,-0.174353387,0.916515139,5.2088302,13.5233132,7.771067086,48.6929153,3.63758616,6.164414003,3.039749159,4.57165178,2.933782359,4.335735144,-3.497126943,-1.220729829
29,West Valley 2,"West Valley, 2018",Primary Fieldwork,2020,37.448124,-113.406265,NA,0.84,5.85,43.16,770,2,9.65,128,0.32,5.68,6,100,20,120,small,-25,35,90,162,NA,156.097008,1249.473648,10001.37297,288.0057526,2305.333094,18452.96709,0.75,332,2600,52,0.39,34,23.59630013,sorted,matrix,not stratified,10,3,3,volcanic,igneous,5.1,14.66,14.65,2.85,4.9,3.58,1.37,3.54,0.03,0.15,66.55330899,1.05,0,0,0,98.95,86.68,0.15,253.86,20.9,0,6.12,58.9,0.55,47.65,0.04,89.82,0.84,0,0.12,0.02,7.59,1.4,679.79,38,6.32,182.88,-0.251538767,28,1.843719208,2.513961018,4.497807668,9.477341399,3.526360525,5.830951895,4.075841091,7.674633542,,0,4.462223177,9.31020945,1.264126727,1.881488772,2.026831591,2.754995463,0.31481074,1.170469991,-0.174353387,0.916515139,5.2088302,13.5233132,7.863266724,50.99019514,3.63758616,6.164414003,3.039749159,4.57165178,3.161089926,4.857602303,-3.809955602,3.558416835
30,West Valley 3,"West Valley, 2018",Primary Fieldwork,2020,37.449371,-113.415977,NA,0.04,6.72,138.84,613,2,16,43.85,12.52,11.76,4.45,230,25,287.5,small,-25,35,215.625,388.125,NA,259.0346228,2073.434586,16596.74269,476.8459428,3816.898526,30552.2456,1.04,421,2536,66,0.69,53,20.2,unsorted,matrix,not stratified,5,4,3,volcanic,igneous,5.15,14.7,14.65,2.85,4.9,3.58,1.37,3.54,0.03,0.15,66.55330899,1.05,0,0,0,98.95,86.68,0.15,253.86,20.9,0,6.12,58.9,0.55,47.65,0.04,89.82,0.84,0,0.12,0.02,7.59,1.4,679.79,38,6.32,182.88,-4.64385619,29,1.843719208,2.513961018,4.497807668,9.477341399,3.970291914,7.280109889,4.075841091,7.674633542,,0,4.462223177,9.31020945,1.264126727,1.881488772,2.026831591,2.754995463,0.31481074,1.170469991,-0.174353387,0.916515139,5.2088302,13.5233132,7.838343316,50.35871325,3.63758616,6.164414003,3.039749159,4.57165178,3.005682604,4.494441011,-3.588503694,-1.055352496
31,Frenchy's Meadow,"Yellowstone Fires, 1988","Meyer and Wells, 19",,45.082156,-110.16194,NA,0.024,0.21,3.25,NA,,,,NA,7.08,,,,,,,,,,NA,365.5443641,2925.988499,23420.98399,365.5443641,2925.988499,23420.98399,1.6,785,2411,87,1.39,36,26.55,,,,,,NA,volcanic,igneous,,,12.53,8.07,6.06,2.28,4.27,2.4,0.04,0.21,53.75300159,0,0,9.48,0,90.52,136,1.15,321.02,19.38,0,5.99,119.38,0.73,41.35,0.77,29.57,0.03,11.39,0,0.6,0.05,57.17,839.91,461.32,0.92,174.69,-5.380821784,30,-0.083381609,0.959166305,3.386760334,5.43783045,3.583518939,6,4.782311683,10.9261155,,0,4.912654886,11.66190379,0.875468737,1.549193339,-2.995732274,0.223606798,1.451613827,2.066397832,-3.506557897,0.173205081,5.163012975,13.21703446,7.787796878,49.10193479,6.134091945,21.4783612,2.964241607,4.402272141,3.279029748,5.152669211,-5.206983986,-0.173837798
32,Slough R.S.,"Yellowstone Fires, 1988","Meyer and Wells, 19",,45.054164,-110.149262,NA,0.05,0.66,4,NA,,,,NA,6.32,,,,,,,,,,NA,324.9897873,2601.37065,20822.5905,324.9897873,2601.37065,20822.5905,0.95,800,2614,96,0.91,72,20,,,,,,NA,gneiss,metamorphic,,,12.27,8.73,6,2.26,4.39,2.37,0.04,0.22,52.5360139,0,0,10.49,0.11,89.4,132.96,1.03,318.28,19.45,0,5.94,118.91,0.73,41.14,0.92,26.72,0.04,10.6,0,0.59,0.04,60.65,819.74,461.57,1,175.46,-4.321928095,31,0,1,3.285412349,5.169139193,4.276666119,8.485281374,4.778366904,10.90458619,-2.207274913,0.331662479,4.890048331,11.53082824,0.862889955,1.539480432,-3.218875825,0.2,1.479329227,2.095232684,-3.218875825,0.2,5.167411097,13.24613151,7.868636894,51.12729213,6.134633722,21.48418023,2.96784707,4.410215414,2.995732274,4.472135955,-4.459331522,0.137403427
33,Twelve Kilometer,"Yellowstone Fires, 1988","Meyer and Wells, 19",,44.99476,-110.19465,NA,0.006,0.15,2.31,NA,,,,NA,8.59,,11000,,11000,medium,-28,30,7920,14300,NA,399.5673079,3198.324095,25600.8858,399.5673079,3198.324095,25600.8858,1.75,819,2473,82,1.44,35,33.84120178,,,,,,NA,volcanic,igneous,,,15.07,5.67,8.19,1.95,3.16,2.98,0.06,0.23,57.38490188,0,0,0,0,73.52,107.19,1.43,289,10.33,0,10.25,110.29,0.65,52.37,0,86.16,0.25,1.52,0,0.22,0,11.83,751.13,463,1.1,165.61,-7.380821784,32,0.09531018,1.048808848,4.456206033,9.282241109,3.555348062,5.916079783,4.70311326,10.50190459,,0,4.674602961,10.35326036,1.091923301,1.72626765,,0,1.150572028,1.777638884,-1.386294361,0.5,5.109635627,12.86895489,7.813187268,49.72926704,6.137727054,21.51743479,2.335052283,3.214031736,3.521679048,5.817319123,-7.515437004,0.13461522
43,Shingle Creek site 1,"Twitchell Fire, 2010",Murphy et al. 2019,2017,38.486138,-112.497659,NA,2.78,27.41,75.1,NA,7.66,40.86,116.12,NA,2.47,4.84,,,,,,,,,NA,106.9729253,856.2614555,6853.918203,199.2796435,1595.127711,12768.15018,0.23,287,2914,92,0.21,11,15.6,,,,,,NA,volcanic,igneous,5.2,15.02,13.82,2.6,4.49,3.32,1.27,3.3,0.03,0.14,67.83439124,0,0,0,7.41,92.59,75.95,0.05,292,41.82,0,1.46,145.69,0.24,18.97,0,18.25,2.38,0.01,0,0,0.89,78.39,716.44,66,5.48,182.88,1.475084883,33,1.701105101,2.340939982,2.90416508,4.272001873,2.397895273,3.31662479,4.981481077,12.07021127,2.002830439,2.722131518,4.330075229,8.714929719,1.193922469,1.816590213,-0.116533816,0.943398113,0.239016901,1.126942767,0.867100488,1.542724862,5.2088302,13.5233132,7.977281987,53.98147831,4.189654742,8.124038405,3.733374694,6.466838486,2.747270914,3.949683532,1.826731659,-0.351646776
44,Shingle Creek site 2,"Twitchell Fire, 2010",Murphy et al. 2019,2017,38.521416,-112.48801,NA,5.8,11.37,32.1,NA,4.9,45,140.26,NA,5.23,,,,,,,,,,NA,718.2384938,5749.117697,46018.63389,1318.540648,10554.21763,84480.90695,4,599,2744,78,3.12,13,25.81769943,,,,,,NA,volcanic,igneous,4.7,13.88,14.02,2.39,5.94,3.27,1.28,3.07,0.07,0.15,65.54788264,6.17,0,0,3.45,90.38,65.35,0.95,234.06,16.99,0,7.09,139.02,0.81,41.63,7.37,33.5,5.27,0.62,0,0,2.64,50.59,796.22,67.42,4.85,182.88,2.5360529,34,1.578978705,2.202271555,3.511545439,5.787918451,2.564949358,3.605551276,4.934617808,11.79067428,1.238374231,1.857417562,4.17975744,8.083934686,1.121677562,1.752141547,0.970778917,1.624807681,0.246860078,1.13137085,1.662030363,2.295648057,5.2088302,13.5233132,7.917171989,52.38320342,4.21094171,8.210968274,2.832624936,4.121892769,3.251060281,5.081112027,0.043965471,2.49208743
45,Fish Creek Site 1,"Twitchell Fire, 2010",Murphy et al. 2019,2017,38.501214,-112.453485,NA,2.21,11.29,82.8,NA,,,,NA,3.41,,,,,,,,,,NA,107.5125165,860.5805959,6888.490628,196.1069829,1569.732248,12564.87298,0.24,322,2341,73,0.18,73,26.70560074,,,,,,NA,sandstone,sedimentary,4.55,13.5,14.02,2.39,5.94,3.27,1.28,3.07,0.07,0.15,65.54788264,6.17,0,0,3.45,90.38,65.35,0.95,234.06,16.99,0,7.09,139.02,0.81,41.63,7.37,33.5,5.27,0.62,0,0,2.64,50.59,796.22,67.42,4.85,182.88,1.14404637,35,1.578978705,2.202271555,3.511545439,5.787918451,4.290459441,8.544003745,4.934617808,11.79067428,1.238374231,1.857417562,4.17975744,8.083934686,1.121677562,1.752141547,0.970778917,1.624807681,0.246860078,1.13137085,1.662030363,2.295648057,5.2088302,13.5233132,7.758333468,48.38388161,4.21094171,8.210968274,2.832624936,4.121892769,3.284873309,5.167746195,-0.01392913,1.1579755
46,Fish Creek Site 2,"Twitchell Fire, 2010",Murphy et al. 2019,2017,38.504078,-112.456199,NA,1.21,4.1,12.87,NA,,,,NA,4.84,,,,,,,,,,NA,727.9719159,5827.028571,46642.26906,1326.636229,10619.01845,84999.60311,1.15,756,2526,98,1.13,71,25.60759926,,,,,,NA,volcanic,igneous,4.56,13.5,14.02,2.39,5.94,3.27,1.28,3.07,0.07,0.15,65.54788264,6.17,0,0,3.45,90.38,65.35,0.95,234.06,16.99,0,7.09,139.02,0.81,41.63,7.37,33.5,5.27,0.62,0,0,2.64,50.59,796.22,67.42,4.85,182.88,0.275007048,36,1.578978705,2.202271555,3.511545439,5.787918451,4.262679877,8.426149773,4.934617808,11.79067428,1.238374231,1.857417562,4.17975744,8.083934686,1.121677562,1.752141547,0.970778917,1.624807681,0.246860078,1.13137085,1.662030363,2.295648057,5.2088302,13.5233132,7.834392303,50.25932749,4.21094171,8.210968274,2.832624936,4.121892769,3.242889154,5.060395168,0.057664814,0.217342233
47,Fish Creek Site 3,"Twitchell Fire, 2010",Murphy et al. 2019,2017,38.504983,-112.456048,NA,0.76,5.76,21.8,NA,,,,NA,4.2,,,,,,,,,,NA,218.0388245,1745.284993,13970.07947,395.3156732,3164.292017,25328.47709,0.75,387,2345,92,0.69,61,23.19199944,,,,,,NA,volcanic,igneous,4.43,13.18,14.02,2.39,5.92,3.27,1.28,3.07,0.07,0.15,65.58335426,5.95,0,0,3.32,90.73,65.41,0.93,235.01,17.64,0,6.98,138.66,0.8,40.91,7.11,32.91,5.09,0.6,0,0,2.57,51.72,790.36,67.44,4.91,182.88,-0.395928676,37,1.591273942,2.215851981,3.493776563,5.736723804,4.110873864,7.810249676,4.932024894,11.77539808,1.199964783,1.822086716,4.180675152,8.087644898,1.121677562,1.752141547,0.943905899,1.603121954,0.246860078,1.13137085,1.627277831,2.256102835,5.2088302,13.5233132,7.760040681,48.42520005,4.211238314,8.212186067,2.870169051,4.2,3.143807368,4.815807247,0.258625768,-0.654554444
48,Fish Creek Site 4,"Twitchell Fire, 2010",Murphy et al. 2019,2017,38.51433,-112.459064,NA,1.96,3.98,36.1,NA,,,,NA,4.13,,,,,,,,,,NA,908.8478246,7274.84416,58231.26394,1658.262616,13273.51156,106247.4107,2.1,795,2570,77,1.62,51,17.15390015,,,,,,NA,volcanic,igneous,4.57,13.54,13.77,2.3,5.94,3.2,1.26,2.95,0.07,0.15,65.63661055,5.49,0,0,7.05,87.46,64.55,1.03,238.6,18.47,0,6.95,136.56,0.81,39.58,6.56,32.37,4.72,0.55,0,0,2.37,53.41,773.05,67.48,5.08,182.88,0.970853654,38,1.625311262,2.253885534,3.477232068,5.689463947,3.931825633,7.141428429,4.916764079,11.68588893,1.953027617,2.65518361,4.167440117,8.034301463,1.08180517,1.717556404,0.862889955,1.539480432,0.231111721,1.122497216,1.5518088,2.172556098,5.2088302,13.5233132,7.851661178,50.69516742,4.211831258,8.214621111,2.916147794,4.297673789,2.842225562,4.141726711,0.695929841,0.274923813
49,Fish Creek Site 5,"Twitchell Fire, 2010",Murphy et al. 2019,2017,38.519456,-112.456953,NA,2.81,13,49.32,NA,,,,NA,2.97,,,,,,,,,,NA,773.1647127,6188.772908,49537.84036,1391.777031,11140.43598,89173.27352,2.3,709,2448,87,2,40,16.09499931,,,,,,NA,alluvium,sedimentary,4.2,12.65,13.48,2.23,5.84,3.12,1.24,2.82,0.07,0.15,65.89228995,5.19,0,0,12.17,82.65,65.19,1.04,240.67,18.75,0,7.02,134.55,0.83,38.83,6.2,32.15,4.63,0.52,0,0,2.24,54.24,759.73,67.51,5.2,182.88,1.49057013,39,1.648658626,2.28035085,3.470412451,5.670097001,3.688879454,6.32455532,4.901935877,11.59956896,2.498973907,3.488552709,4.177306083,8.07403245,1.036736885,1.679285562,0.806475866,1.496662955,0.21511138,1.113552873,1.532556868,2.151743479,5.2088302,13.5233132,7.803026644,49.47726751,4.212275735,8.216446921,2.931193752,4.330127019,2.778508622,4.011857339,0.770109866,0.720460264
50,Fish Creek Site 6,"Twitchell Fire, 2010",Murphy et al. 2019,2017,38.534683,-112.45243,NA,1.65,4,12.94,NA,,,,NA,3.46,,,,,,,,,,NA,480.7279743,3847.972126,30800.97327,861.1294148,6892.883632,55173.87276,2.88,506,2336,85,2.45,21,12.98200035,,,,,,NA,sandstone,sedimentary,4.09,12.37,7.8,1.53,2.54,1.63,1.12,0.64,0.01,0.12,72.09735201,0,0,0,100,0,99.45,0.11,310.28,23.64,0,8.28,100.01,1.17,25.77,0,6.33,0,0,0,0,0,93.67,509.48,68,7.32,182.88,0.722466025,40,1.990610328,2.705549852,1.845300236,2.515949125,3.044522438,4.582575695,4.605270181,10.00049999,4.605170186,10,4.599655005,9.972462083,-0.446287103,0.8,,0,0.113328685,1.058300524,,0,5.2088302,13.5233132,7.756195344,48.33218389,4.219507705,8.246211251,3.162940193,4.862098313,2.56356381,3.603054309,1.683835622,-0.961369598
51,Fish Creek Site 7,"Twitchell Fire, 2010",Murphy et al. 2019,2017,38.540412,-112.448812,NA,1.18,3.97,13,NA,,,,NA,,,,,,,,,,,NA,388.4484018,3109.323157,24888.48056,696.4429745,5574.65614,44622.16178,3.1,463,2258,72,2.23,19,26.46,,,,,,NA,sandstone,sedimentary,3.56,11.45,14.77,4.14,4.64,3.28,2.2,3.47,0.01,0.19,63.75778808,0,0,0,0,100,142.33,2.42,238.33,12.74,0,10.15,43.09,0.26,64.36,0.09,1.27,0,0,0,0,0.05,97.9,487.95,17,18.47,182.88,0.23878686,41,2.916147794,4.297673789,0.239016901,1.126942767,2.944438979,4.358898944,3.763290952,6.564297373,,0,4.958148305,11.93021375,1.244154594,1.862793601,-2.995732274,0.223606798,0.78845736,1.483239697,,0,5.2088302,13.5233132,7.722234745,47.51841748,2.833213344,4.123105626,2.54474665,3.56931366,3.275634159,5.14392846,1.652133388,-1.413346528
55,Big Tujunga 2009,"""2009 Station and",,,,,,,,,,,,,,,,,,,,,,,,,,,,,,,,,,,,,,,,,,,,,,,,,,,,,,,,,,,,,,,,,,,,,,,,,,,,,,,,,,,,42,,,,,,,,,,,,,,,,,,,,,,,,,,,,,,,,
Jesu,"Kean et al., 2011",2009,34.287191,-118.233604,,0.078,0,10.39,,,NA,,,7.21,NA,,,,,,NA,,,,1321.496986,10,84670.32401,2558.407137,20478.6904,163921.0407,1.37,977,1060,97,1.33,89,35.4,,,,NA,NA,,,ig,5.1,15.62,15.65,3.89,3.8,3.05,1.78,3.62,0.01,0.17,65.06386566,0,0,0,0,100,152.71,0.02,189.08,18.21,0,6.07,45.2,1.01,32.05,0,39.24,0,0,0,0,2.73,57.59,755.06,121,15.74,182.88,-3.680382066,,,43,,,,0,,,3.467297183,5.661271942,5.028540698,12.35758876,5.242170206,13.75063635,-1.771956842,0.412310563,6.626797216,27.47835512,-4.605170186,0.1,,0,,,0.285178942,1.15325626,5.2088302,13.5233132,1.803358605,2.463736999,,,,
56,Big Tujunga 2010,"""2009 Station and",,,,,,,,,,,,,,,,,,,,,,,,,,,,,,,,,,,,,,,,,,,,,,,,,,,,,,,,,,,,,,,,,,,,,,,,,,,,,,,,,,,,44,,,,,,,,,,,,,,,,,,,,,,,,,,,,,,,,
Jesu,"Kean et al., 2011",2010,34.287191,-118.233604,,0.26,13,38.58,,,NA,,,7.56,NA,,,,,,NA,,,,1321.496986,10,84670.32401,2558.407137,20478.6904,163921.0407,1.37,977,1060,97,1.33,89,35.6,,,,NA,NA,,,ig,5.1,15.62,13.27,2.74,12.59,2.63,1.33,2.5,0.34,0.15,53.62882802,45.23,0,0,0,54.77,95.51,51.26,307.27,18.65,0,8.02,72.78,0.62,38.75,0.12,3.74,0,0.6,0,0,0.12,47.48,673.92,121,16.68,153.48,-1.943416472,,,45,,,-0.510825624,0.774596669,,,3.657130756,6.224949799,4.559230954,9.772921774,5.72772684,17.52911863,-1.897119985,0.387298335,6.51311141,25.95996918,-1.078809661,0.58309519,,0,,,0.285178942,1.15325626,5.033570265,12.38870453,2.081938422,2.831960452,,,,
57,Dunsmore 1,"""2009 Station and",,,,,,,,,,,,,,,,,,,,,,,,,,,,,,,,,,,,,,,,,,,,,,,,,,,,,,,,,,,,,,,,,,,,,,,,,,,,,,,,,,,,46,,,,,,,,,,,,,,,,,,,,,,,,,,,,,,,,
Jesu,"Kean et al., 2011",2010,34.259485,-118.24203,,0.24,16,45.42,,,NA,,,7.69,NA,,,,,,NA,,,,248.1050446,19,15896.46797,463.4012526,3709.280922,29690.82383,0.475,559,1268,43,0.2,92,35.6,,,,NA,NA,,,ig,5,14.73,13.27,2.74,12.59,2.63,1.33,2.5,0.34,0.15,53.62882802,45.23,0,0,0,54.77,95.51,51.26,307.27,18.65,0,8.02,72.78,0.62,38.75,0.12,3.74,0,0.6,0,0,0.12,47.48,673.92,121,16.68,153.48,-2.058893689,,,47,,,-0.510825624,0.774596669,,,3.657130756,6.224949799,4.559230954,9.772921774,5.72772684,17.52911863,-1.897119985,0.387298335,6.51311141,25.95996918,-1.078809661,0.58309519,,0,,,-1.609437912,0.447213596,5.033570265,12.38870453,2.081938422,2.831960452,,,,
58,Dunsmore 2,"""2009 Station and",,,,,,,,,,,,,,,,,,,,,,,,,,,,,,,,,,,,,,,,,,,,,,,,,,,,,,,,,,,,,,,,,,,,,,,,,,,,,,,,,,,,48,,,,,,,,,,,,,,,,,,,,,,,,,,,,,,,,
Jesu,"Kean et al., 2011",2010,34.252883,-118.246537,,0.21,12,43.3,,,NA,,,,NA,,,,,,NA,,,,75.16414405,60,4815.881154,140.3887557,1123.737431,8994.921335,0.0795,332,983,66,0.05,92,37.34579849,,,,NA,NA,,,ig,5,14.73,8.44,10.53,6.57,1.79,2.69,0.85,0.18,0.16,46.70525231,12.05,0,0.71,74.56,4.92,63.95,32.88,450.21,18.06,0.01,8.37,102.15,0.42,44.71,1.46,10.65,0.9,7.43,2.48,1.35,0.21,72.98,348.4,151.83,4.08,175.64,-2.251538767,,,49,,,2.005525859,2.725802634,,,3.80019719,6.686553671,4.158101528,7.996874389,6.109714141,21.21815261,-1.832581464,0.4,5.853351245,18.66547615,-1.714798428,0.424264069,0.90825856,1.574801575,,,-2.995732274,0.223606798,5.168436446,13.25292421,2.124653885,2.893095228,,,,
