<?xml version="1.0" encoding="UTF-8"?>
<metadata xml:lang="en"><Esri><CreaDate>20160201</CreaDate><CreaTime>10355500</CreaTime><ArcGISFormat>1.0</ArcGISFormat><SyncOnce>TRUE</SyncOnce><ModDate>20160810</ModDate><ModTime>143718</ModTime></Esri><toolbox name="VBET" alias="Riparian Area Condition Assessments"><arcToolboxHelpPath>c:\program files (x86)\arcgis\desktop10.3\Help\gp</arcToolboxHelpPath><toolsets/></toolbox><dataIdInfo><idCitation><resTitle>VBET</resTitle></idCitation></dataIdInfo><distInfo><distributor><distorFormat><formatName>ArcToolbox Toolbox</formatName></distorFormat></distributor></distInfo></metadata>
